﻿<?xml version="1.0" encoding="utf-8"?>
  <eDIMessage id="messageId" creationDateTime="creationDateTime">
    <!--идентификатор сообщения, время сообщения-->
    <!-- начало заголовка сообщения -->
    <interchangeHeader>
      <sender>SenderGLN</sender>      <!--GLN отправителя сообщения-->
      <recipient>RecipientGLN</recipient>    <!--GLN получателя сообщения-->
      <documentType>RETANN</documentType>   <!--тип документа, RETANN - возврат товаров-->
      <isTest>1</isTest>   <!--тестовый флаг-->
    </interchangeHeader>
    <!-- конец заголовка сообщения -->
    <announcementForReturns  number="retannNumber" date="retannDate">   <!--номер и дата RETANN-->
      <!--номера связанных документов указываются в общей части сообщения или для каждой товарной позиции-->
      <originOrder number="ordersNumber" date="ordersDate"/>    <!--номер заказа, дата заказа-->
      <contractIdentificator number="contractNumber" date="contractDate"/>    <!--номер договора/ контракта, дата договора/ контракта-->
      <despatchIdentificator number="DespatchAdviceNumber" date="DespatchDate0000"/>  <!--номер и дата DESADV'а (совпадает с датой и номером ТОРГ-12)-->
      <receivingIdentificator number="ReceivingAdviceNumber" date="ReceivingDate0000"/>   <!-- номер и дата RECADV'а-->
      <invoiceIdentificator number="InvoicNumber" date="InvoicDate"/>          <!--номер и дата INVOIC-->
      <!-- начало блока данных о поставщике -->
      <seller>
        <gln>SupplierGln</gln>      <!--gln поставщика-->
        <organization>
          <name>SupplierName</name>       <!--наименование поставщика для ЮЛ-->
          <inn>SupplierInn(10)</inn>       <!--ИНН поставщика для ЮЛ-->
          <kpp>SupplierKpp</kpp>      <!--КПП поставщика только для ЮЛ-->
        </organization>
        <russianAddress>       <!--российский адрес-->
          <regionISOCode>RegionCode</regionISOCode>
          <district>District</district>
          <city>City</city>
          <settlement>Village</settlement>
          <street>Street</street>
          <house>House</house>
          <flat>Flat</flat>
          <postalCode>PostalCode</postalCode>
        </russianAddress>
        <additionalIdentificator>SupplierCodeInBuyerSystem</additionalIdentificator>     <!--код поставщика в системе покупателя-->
        <additionalInfo>
          <phone>TelephoneNumber</phone>     <!--телефон контактного лица-->
          <fax>FaxNumber</fax>     <!--факс контактного лица-->
          <bankAccountNumber>BankAccountNumber</bankAccountNumber>       <!--номер счёта в банке-->
          <bankName>BankName</bankName>       <!--наименование банка-->
          <BIK>BankId</BIK>       <!--БИК-->
          <nameOfCEO>ChiefName</nameOfCEO>      <!--ФИО руководителя организации-->
        </additionalInfo>
      </seller>
      <!-- конец блока данных о поставщике -->
      <!-- начало блока с данными о покупателе -->
      <buyer>
        <gln>BuyerGln</gln>     <!--gln покупателя-->
        <organization>
          <name>Buyer</name>      <!--наименование покупателя-->
          <inn>BuyerInn(10)</inn>     <!--ИНН покупателя для ЮЛ-->
          <kpp>BuyerKpp</kpp>      <!--КПП покупателя только для ЮЛ-->
        </organization>
        <russianAddress>       <!--российский адрес-->
          <regionISOCode>RegionCode</regionISOCode>
          <district>district</district>
          <city>City</city>
          <settlement>Village</settlement>
          <street>Street</street>
          <house>House</house>
          <flat>Flat</flat>
          <postalCode>>PostalCode</postalCode>
        </russianAddress>
        <additionalInfo>
          <phone>TelephoneNumber</phone>  <!--телефон контактного лица-->
          <fax>FaxNumber</fax>     <!--факс контактного лица-->
          <bankAccountNumber>BankAccountNumber</bankAccountNumber>      <!--номер счёта в банке-->
          <bankName>BankName</bankName>      <!--наименование банка-->
          <BIK>BankId</BIK>       <!--БИК-->
          <nameOfSales>SalesAdministrationName</nameOfSales>     <!--ФИО руководителя по продажам-->
        </additionalInfo>
      </buyer>
      <!-- конец блока данных о покупателе -->
      <!-- начало блока с данными о получателе счёта -->
      <invoicee>
        <gln>InvoiceeGln</gln>     <!--gln получателя счёта-->
        <selfEmployed>
          <fullName>      <!--ФИО получателя счёта для ИП-->
            <lastName>Фамилия</lastName>
            <firstName>Имя</firstName>
            <middleName>Отчество</middleName>
          </fullName>
          <inn>InvoiceeInn(12)</inn>     <!--ИНН получателя счёта-->
        </selfEmployed>
        <russianAddress>      <!--российский адрес-->
          <regionISOCode>RegionCode</regionISOCode>
          <district>district</district>
          <city>City</city>
          <settlement>Village</settlement>
          <street>Street</street>
          <house>House</house>
          <flat>Flat</flat>
          <postalCode>>PostalCode</postalCode>
        </russianAddress>
        <additionalInfo>
          <phone>TelephoneNumber</phone>    <!--телефон контактного лица-->
          <fax>FaxNumber</fax>     <!--факс контактного лица-->
          <bankAccountNumber>BankAccountNumber</bankAccountNumber>
          <bankName>BankName</bankName>
          <BIK>BankId</BIK>
          <nameOfAccountant>BookkeeperName</nameOfAccountant>       <!--ФИО бухгалтера-->
        </additionalInfo>
      </invoicee>
      <!--конец блока с данными о получателе счёта -->
      <!-- начало блока данных о грузоотправителе и грузополучателе -->
      <deliveryInfo>
        <deliveryDate>DeliveryDateT00:00:00.000Z</deliveryDate>   <!--дата доставки возвращаемого товара-->
        <availabilityDate>AvailabilityDateT00:00:00.000Z</availabilityDate>  <!--дата доступности товара (дата, до которой сеть будет хранить у себя непринятый товар)-->
        <shipFrom>
          <gln>ShipperGln</gln>        <!--gln грузоотправителя-->
          <organization>
            <name>ShipperName</name>         <!--наименование грузоотправителя-->
            <inn>ShipperInn(10)</inn>
            <kpp>ShipperKpp</kpp>
          </organization>
          <russianAddress>        <!--российский адрес-->
            <regionISOCode>RegionCode</regionISOCode>
            <district>district</district>
            <city>City</city>
            <settlement>Village</settlement>
            <street>Street</street>
            <house>House</house>
            <flat>Flat</flat>
            <postalCode>>PostalCode</postalCode>
          </russianAddress>
          <additionalInfo>
            <phone>TelephoneNumber</phone>        <!--телефон контактного лица-->
            <fax>FaxNumber</fax>         <!--факс контактного лица-->
            <bankAccountNumber>BankAccountNumber</bankAccountNumber>
            <bankName>BankName</bankName>
            <BIK>BankId</BIK>
            <nameOfAccountant>BookkeeperName</nameOfAccountant>      <!--ФИО бухгалтера-->
          </additionalInfo>
        </shipFrom>
        <shipTo>
          <gln>DeliveryGln</gln>       <!--gln грузополучателя-->
          <organization>
            <name>DeliveryName</name>         <!--наименование грузополучателя-->
            <inn>DeliveryInn(10)</inn>       <!--ИНН грузополучателя-->
            <kpp>DeliveryKpp</kpp>         <!--КПП грузополучателя-->
          </organization>
          <russianAddress>         <!--российский адрес-->
            <regionISOCode>RegionCode</regionISOCode>
            <district>district</district>
            <city>City</city>
            <settlement>Village</settlement>
            <street>Street</street>
            <house>House</house>
            <flat>Flat</flat>
            <postalCode>>PostalCode</postalCode>
          </russianAddress>
          <additionalIdentificator>SupplierCodeInBuyerSystem</additionalIdentificator>  <!--дополнительный идентификатор-->
          <additionalInfo>
            <phone>TelephoneNumber</phone>       <!--телефон контактного лица-->
            <fax>FaxNumber</fax>        <!--факс контактного лица-->
            <bankAccountNumber>BankAccountNumber</bankAccountNumber>
            <bankName>BankName</bankName>
            <BIK>BankId</BIK>
            <nameOfCEO>ChiefName</nameOfCEO>      <!--ФИО руководителя-->
          </additionalInfo>
        </shipTo>
      </deliveryInfo>
      <!-- конец блока данных о грузоотправителе и грузополучателе -->
      <!-- начало блока с данными о товаре -->
      <lineItems>
        <currencyISOCode>CurrencyCode</currencyISOCode>  <!--Код валюты-->
        <lineItem>
          <gtin>GTIN</gtin>     <!--GTIN товара-->
          <internalBuyerCode>BuyerProductId</internalBuyerCode>      <!--внутренний код присвоенный покупателем-->
          <internalBuyerGroupCode>BuyerProductGroupCode</internalBuyerGroupCode>      <!--код группы товаров-->
          <internalSupplierCode>SupplierProductId</internalSupplierCode>     <!--артикул товара (код товара присвоенный продавцом)-->
          <typeOfUnit>RС</typeOfUnit> <!--признак возвратной тары, если это не тара, то строки нет -->
          <description>Name</description>    <!--название товара-->
          <returnQuantity unitOfMeasure="MeasurementUnitCode">ReturnQuantity</returnQuantity>  <!--возвращаемое кол-во товара-->
          <physicalOrlogicalState>   <!--таких сегментов может быть несколько (максимум 9)-->
            <stateDescription>StateDescription</stateDescription>        <!--описание причины возврата товара, состояния товара в момент возврата-->
          </physicalOrlogicalState>
          <physicalOrlogicalState>
            <stateDescription>StateDescription</stateDescription> 
          </physicalOrlogicalState>
          <onePlaceQuantity unitOfMeasure="MeasurementUnitCode">OnePlaceQuantity</onePlaceQuantity>  <!-- количество в одном месте (чему д.б. кратно общее кол-во) -->
          <netPrice>Price</netPrice>     <!--цена единицы товара без НДС-->
          <netPriceWithVAT>PriceWithVAT</netPriceWithVAT>     <!--цена единицы товара с НДС-->
          <netAmount>PriceSummary</netAmount>     <!--сумма по позиции без НДС-->
          <exciseDuty>ExciseTax</exciseDuty>    <!--сумма акциза для товара-->
          <vATAmount>vatSum</vATAmount>      <!--сумма НДС-->
          <amount>PriceSummaryWithVAT</amount>      <!--сумма по позиции с НДС-->
          <originOrder number="ordersNumber" date="ordersDate"/>      <!--номер заказа, дата заказа-->
          <contractIdentificator number="contractNumber" date="contractDate"/>   <!--номер договора/ контракта, дата договора/ контракта-->
          <despatchIdentificator number="DespatchAdviceNumber" date="DespatchDate0000"/>     <!--номер и дата DESADV'а (совпадает с датой и номером ТОРГ-12)-->
          <receivingIdentificator number="ReceivingAdviceNumber" date="ReceivingDate0000"/>      <!-- номер и дата RECADV'а-->
          <invoiceIdentificator number="InvoicNumber" date="InvoicDate"/>             <!--номер и дата INVOIC-->     
        </lineItem>
        <!-- каждая последующая товарная позиция должна идти в отдельном теге <lineItem> -->
      </lineItems>
    </announcementForReturns>
  </eDIMessage>